{"cameraMode":{"drawMode":0,"name":"Shaded","section":"Shading Mode"},"sceneLighting":false,"audioPlay":false,"sceneViewState":{"showFog":true,"showMaterialUpdate":false,"showSkybox":false,"showFlares":true,"showImageEffects":true,"showParticleSystems":true},"in2DMode":false,"pivot":{"x":-0.5505051612854004,"y":0.9520493149757385,"z":-0.07093903422355652},"rotation":{"x":0.07419275492429733,"y":0.758685827255249,"z":0.08778215944766998,"w":-0.6412389278411865},"size":2.6392786502838136,"orthographic":false}