{"cameraMode":{"drawMode":0,"name":"Shaded","section":"Shading Mode"},"sceneLighting":false,"audioPlay":false,"sceneViewState":{"showFog":true,"showMaterialUpdate":false,"showSkybox":false,"showFlares":true,"showImageEffects":true,"showParticleSystems":true},"in2DMode":false,"pivot":{"x":-0.5094001293182373,"y":0.9726070165634155,"z":0.1688387393951416},"rotation":{"x":-0.11132948845624924,"y":-0.8798955082893372,"z":0.2537896931171417,"w":-0.3859858214855194},"size":7.051907539367676,"orthographic":false}