{"cameraMode":{"drawMode":0,"name":"Shaded","section":"Shading Mode"},"sceneLighting":false,"audioPlay":false,"sceneViewState":{"showFog":true,"showMaterialUpdate":false,"showSkybox":false,"showFlares":true,"showImageEffects":true,"showParticleSystems":true},"in2DMode":false,"pivot":{"x":-0.0814819410443306,"y":0.31282392144203188,"z":-0.004815340042114258},"rotation":{"x":-0.0026898416690528394,"y":-0.01918885111808777,"z":-0.00005169611540623009,"w":0.9998136162757874},"size":2.3392786979675295,"orthographic":false}