{"cameraMode":{"drawMode":0,"name":"Shaded","section":"Shading Mode"},"sceneLighting":false,"audioPlay":false,"sceneViewState":{"showFog":true,"showMaterialUpdate":false,"showSkybox":false,"showFlares":true,"showImageEffects":true,"showParticleSystems":true},"in2DMode":false,"pivot":{"x":4.110723972320557,"y":0.0170590877532959,"z":-1.9444031715393067},"rotation":{"x":-0.05883939564228058,"y":0.8991187810897827,"z":-0.4145328402519226,"w":-0.12762214243412019},"size":15.221227645874024,"orthographic":false}