{"cameraMode":{"drawMode":0,"name":"Shaded","section":"Shading Mode"},"sceneLighting":false,"audioPlay":false,"sceneViewState":{"showFog":true,"showMaterialUpdate":false,"showSkybox":false,"showFlares":true,"showImageEffects":true,"showParticleSystems":true},"in2DMode":false,"pivot":{"x":0.0,"y":0.06255461275577545,"z":-0.004340827465057373},"rotation":{"x":0.2067001909017563,"y":0.636810839176178,"z":-0.18284247815608979,"w":0.7199445962905884},"size":2.687061071395874,"orthographic":false}